,Prevalence,,,Incidence,,,Deaths,,
,2017 counts,2017 age-,Percentage,2017 counts,2017 age-,Percentage,2017 counts,2017 age-,Percentage
,,standardised rate,change in age-,,standardised rate,change in age-,,standardised rate,change in age-
,,per 100 000,standardised,,per 100 000,standardised,,per 100 000,standardised
,,people,"rates, 1990–2017",,people,"rates, 1990–2017",,people,"rates, 1990–2017"
Global,37574225 (32548845,481.5 (416.5 to,-5.1% (-6.2 to -,3045965 (2605794,38.2 (32.6 to 43.9),-4.3% (-5.4 to -,287241 (276355 to,4.0 (3.9 to 4.2),1.4% (-1.3 to 5.2)
,to 42588361),546.2),3.8),to 3507180),,3.1),304759),,
Sex,,,,,,,,,
Male,19792463 (17204020,561.3 (486.2 to,-6.8% (-8.0 to -,1585432 (1354586,42.5 (36.3 to 49.0),-5.2% (-6.3 to -,109971 (98219 to,3.9 (3.5 to 4.4),2.5% (-4.4 to
,to 22457621),635.5),5.7),to 1823755),,4.0),124963),,10.6)
Female,17781762 (15359339,415.7 (359.4 to,-4.0% (-5.5 to -,1460533 (1243625,34.2 (29.1 to 39.4),-3.4% (-4.9 to -,177270 (170925 to,4.1 (3.9 to 4.2),1.2% (-2.4 to 6.0)
,to 20187923),471.8),2.3),to 1681278),,1.8),183825),,
SDI Quintile,,,,,,,,,
Low SDI,2257531 (1944544 to,369.3 (315.9 to,0.5% (-0.8 to 1.7),199540 (168345 to,30.3 (25.4 to 35.5),0.6% (-0.7 to 1.9),13177 (10624 to,3.3 (2.6 to 4.1),15.9% (7.7 to
,2585068),425.1),,232616),,,16081),,26.9)
Low-middle SDI,4139252 (3549104 to,391.9 (333.0 to,2.1% (1.2 to 3.0),357197 (300264 to,31.9 (26.7 to 37.2),2.1% (1.2 to 3.2),27577 (24587 to,3.7 (3.3 to 4.0),13.9% (5.7 to
,4754665),452.4),,415569),,,30190),,24.6)
Middle SDI,9025435 (7745989 to,436.0 (373.7 to,4.9% (4.2 to 5.6),747343 (631114 to,34.4 (29.1 to 39.9),5.1% (4.3 to 5.9),58616 (55633 to,3.6 (3.4 to 3.8),7.4% (1.9 to 15.9)
,10342424),498.6),,867341),,,61610),,
High-middle SDI,8180361 (7048695 to,469.3 (402.7 to,-2.2% (-3.2 to -,655109 (553775 to,36.4 (30.8 to 42.1),-1.4% (-2.6 to -,58589 (56766 to,3.9 (3.8 to 4.1),4.7% (0.1 to 12.0)
,9347182),535.9),1.1),760038),,0.3),61254),,
High SDI,13821774 (12169100,598.6 (528.9 to,-6.9% (-9.6 to -,1074236 (935673 to,49.4 (42.9 to 56.0),-5.6% (-8.6 to -,128261 (123158 to,4.5 (4.3 to 5.1),-1.8% (-5.0 to 2.8)
,to 15511443),670.5),3.8),1224571),,2.4),144665),,
Central Sub-Saharan Africa,132850 (114244 to,325.8 (278.9 to,-1.9% (-5.0 to 1.2),12094 (10219 to,26.9 (22.7 to 31.5),-0.8% (-4.6 to 2.8),1210 (957 to 1523),4.8 (3.7 to 6.0),8.8% (-2.7 to
,152488),375.9),,14064),,,,,25.0)
Angola,28636 (24626 to,341.8 (290.6 to,2.7% (-1.6 to 7.1),2631 (2216 to 3067),28.1 (23.6 to 32.9),3.0% (-1.5 to 7.7),259 (190 to 315),5.3 (3.8 to 6.4),15.1% (-2.6 to
,32793),394.1),,,,,,,38.7)
Central African Republic,5182 (4462 to 5955),327.9 (279.8 to,-1.7% (-5.2 to 2.5),487 (410 to 568),27.1 (22.9 to 31.7),-1.3% (-5.3 to 3.1),43 (33 to 54),4.7 (3.5 to 6.0),-2.9% (-18.8 to
,,376.5),,,,,,,19.8)
Congo,6919 (5943 to 7943),343.6 (292.1 to,1.7% (-1.9 to 5.5),624 (524 to 724),28.3 (23.7 to 32.9),1.8% (-2.0 to 6.0),78 (58 to 94),6.2 (4.8 to 7.6),12.5% (-8.4 to
,,395.7),,,,,,,37.4)
Democratic Republic of the Congo,87539 (75221 to,318.4 (271.8 to,-3.7% (-8.0 to 0.5),7950 (6718 to 9253),26.4 (22.2 to 30.8),-2.3% (-7.1 to 2.7),773 (581 to 1035),4.5 (3.3 to 5.9),8.3% (-8.2 to
,100486),367.7),,,,,,,29.1)
Equatorial Guinea,1362 (1177 to 1561),347.3 (295.6 to,5.7% (1.4 to 10.7),119 (101 to 140),28.5 (23.9 to 33.6),5.1% (0.1 to 10.0),16 (11 to 21),6.2 (4.4 to 8.2),28.1% (-8.0 to
,,402.3),,,,,,,71.2)
Gabon,3212 (2778 to 3697),352.8 (301.8 to,0.7% (-3.1 to 5.2),283 (239 to 329),29.2 (24.5 to 34.4),1.1% (-3.4 to 5.7),41 (32 to 48),6.0 (4.7 to 7.1),1.0% (-17.8 to
,,408.3),,,,,,,21.8)
Eastern Sub-Saharan Africa,425273 (368038 to,318.3 (271.5 to,-0.4% (-1.5 to 0.8),37236 (31332 to,26.1 (22.0 to 30.5),0.4% (-0.8 to 1.7),3289 (2020 to 4287),3.7 (2.3 to 4.9),-12.1% (-21.3 to -
,486223),364.9),,43204),,,,,2.2)
Burundi,11224 (9718 to,339.4 (290.0 to,1.9% (-2.4 to 5.8),1021 (855 to 1190),27.8 (23.4 to 32.4),1.9% (-2.3 to 6.1),62 (40 to 88),3.5 (2.2 to 4.9),-34.6% (-45.1 to -
,12956),391.7),,,,,,,24.1)
Comoros,1243 (1065 to 1426),311.9 (265.0 to,-1.3% (-5.3 to 3.1),108 (91 to 126),25.5 (21.4 to 30.0),-1.3% (-5.8 to 3.1),11 (7 to 14),3.7 (2.5 to 4.9),-22.1% (-34.7 to -
,,357.7),,,,,,,6.7)
Djibouti,1508 (1300 to 1730),334.6 (285.4 to,7.2% (2.7 to 11.8),137 (116 to 159),27.4 (23.2 to 32.2),6.9% (2.0 to 12.3),10 (6 to 14),4.2 (2.7 to 5.6),-21.9% (-38.5 to -
,,385.6),,,,,,,1.3)
Eritrea,4890 (4227 to 5603),279.9 (239.4 to,0.1% (-4.1 to 5.3),447 (379 to 521),23.3 (19.5 to 27.2),0.5% (-4.2 to 5.7),46 (31 to 64),5.4 (3.4 to 7.5),-6.0% (-23.9 to
,,321.8),,,,,,,13.7)
Ethiopia,106849 (92359 to,310.6 (265.5 to,4.3% (2.2 to 6.5),9226 (7746 to,25.4 (21.3 to 29.6),3.5% (1.3 to 5.9),697 (380 to 968),3.0 (1.7 to 4.2),-19.8% (-36.0 to
,121820),356.1),,10702),,,,,3.5)
Kenya,57284 (49511 to,320.0 (274.8 to,-1.2% (-1.9 to -,5062 (4276 to 5858),26.4 (22.2 to 30.8),0.1% (-0.7 to 0.9),439 (282 to 572),3.9 (2.5 to 5.1),-0.6% (-13.5 to
,65455),366.8),0.5),,,,,,15.2)
Madagascar,25818 (22375 to,312.9 (267.0 to,-2.8% (-7.1 to 1.1),2331 (1968 to 2724),25.6 (21.6 to 30.1),-1.5% (-5.9 to 3.0),288 (194 to 409),5.5 (3.6 to 7.9),4.9% (-10.6 to
,29557),361.8),,,,,,,22.2)
Malawi,22744 (19406 to,331.8 (282.2 to,-1.6% (-6.0 to 2.3),1923 (1619 to 2250),27.2 (22.9 to 31.8),-0.6% (-5.3 to 3.6),166 (99 to 222),3.2 (1.9 to 4.3),-3.6% (-19.9 to
,26197),382.5),,,,,,,19.5)
Mozambique,29541 (25412 to,327.3 (279.4 to,0.9% (-3.2 to 5.1),2637 (2218 to 3085),26.9 (22.7 to 31.6),1.5% (-2.4 to 6.3),239 (170 to 305),4.3 (2.9 to 5.6),5.7% (-13.0 to
,33898),377.1),,,,,,,27.9)
Rwanda,14889 (12863 to,306.8 (261.6 to,-2.3% (-5.9 to 1.9),1325 (1112 to 1543),25.3 (21.3 to 29.4),-1.4% (-5.4 to 3.0),118 (55 to 171),3.9 (1.8 to 5.7),-25.4% (-38.5 to -
,17092),354.1),,,,,,,12.2)
Somalia,15696 (13539 to,310.5 (264.8 to,-0.1% (-4.2 to 4.1),1430 (1204 to 1674),25.5 (21.4 to 29.7),0.3% (-4.1 to 5.1),113 (69 to 159),4.2 (2.5 to 5.8),-15.6% (-33.6 to
,18094),357.5),,,,,,,6.1)
South Sudan,9710 (8388 to 11118),320.6 (272.2 to,2.8% (-1.4 to 7.0),860 (724 to 1000),26.1 (22.0 to 30.5),1.8% (-2.8 to 6.5),73 (46 to 102),3.8 (2.4 to 5.2),-28.7% (-41.3 to -
,,369.8),,,,,,,11.4)
Tanzania,69537 (59876 to,326.2 (278.0 to,-0.5% (-4.7 to 3.9),5983 (5025 to 6965),26.7 (22.4 to 31.3),0.0% (-3.9 to 4.6),607 (328 to 814),3.9 (2.1 to 5.2),-16.1% (-30.3 to -
,79512),376.4),,,,,,,0.2)
Uganda,36777 (31706 to,317.8 (272.6 to,-5.1% (-9.0 to -,3218 (2727 to 3735),26.1 (21.9 to 30.6),-3.9% (-7.8 to 0.4),288 (157 to 388),3.8 (2.1 to 5.1),2.6% (-17.0 to
,42206),368.2),0.8),,,,,,37.7)
Zambia,17295 (14987 to,318.8 (272.7 to,-1.5% (-5.5 to 3.0),1506 (1277 to 1747),26.1 (22.0 to 30.5),-0.8% (-5.6 to 4.0),131 (88 to 168),3.8 (2.5 to 4.8),-5.8% (-23.8 to
,19777),367.2),,,,,,,23.7)
Southern Sub-Saharan Africa,187064 (161178 to,371.1 (317.0 to,-1.8% (-3.1 to -,16178 (13609 to,30.6 (25.7 to 35.8),-1.2% (-2.6 to 0.1),1287 (1175 to 1350),3.3 (3.0 to 3.5),18.2% (9.4 to
,214453),425.1),0.4),18845),,,,,31.4)
Botswana,4442 (3814 to 5100),364.7 (309.1 to,5.8% (1.3 to 10.4),386 (323 to 450),30.0 (25.0 to 35.2),5.5% (0.8 to 10.6),27 (22 to 31),3.1 (2.6 to 3.6),13.7% (-5.0 to
,,421.7),,,,,,,47.3)
Lesotho,3739 (3206 to 4303),353.4 (301.0 to,4.2% (0.2 to 8.8),331 (278 to 388),29.2 (24.5 to 34.3),3.6% (-0.4 to 8.4),26 (20 to 33),3.8 (2.8 to 4.8),39.0% (6.1 to
,,407.8),,,,,,,77.9)
Namibia,4578 (3930 to 5270),347.9 (298.0 to,4.8% (-0.3 to 9.3),389 (328 to 455),28.7 (24.2 to 33.6),4.9% (0.0 to 10.0),33 (25 to 42),3.1 (2.4 to 4.0),3.0% (-13.1 to
,,401.2),,,,,,,23.6)
South Africa,153008 (131603 to,376.5 (321.5 to,-3.0% (-4.5 to -,13157 (11067 to,31.1 (26.2 to 36.3),-2.3% (-4.0 to -,1086 (994 to 1149),3.3 (3.1 to 3.5),20.4% (11.3 to
,175246),430.6),1.4),15325),,0.6),,,34.5)
Swaziland,1687 (1446 to 1945),348.8 (298.5 to,0.0% (-4.1 to 4.3),152 (128 to 178),28.9 (24.2 to 33.7),0.3% (-4.4 to 4.9),10 (7 to 12),3.5 (2.7 to 4.3),7.0% (-18.2 to
,,403.5),,,,,,,39.1)
Zimbabwe,19610 (16806 to,345.9 (294.3 to,0.3% (-4.1 to 4.6),1763 (1473 to 2065),28.4 (23.8 to 33.4),-0.6% (-4.9 to 4.1),105 (75 to 129),3.4 (2.4 to 4.2),5.2% (-14.2 to
,22595),398.0),,,,,,,30.0)
Western Sub-Saharan Africa,557402 (479910 to,357.7 (305.7 to,2.9% (0.6 to 5.1),48618 (40978 to,29.2 (24.5 to 34.0),2.2% (0.0 to 4.5),4586 (3758 to 5469),4.5 (3.7 to 5.4),8.7% (-7.6 to
,640164),411.5),,56253),,,,,28.3)
Benin,13839 (11848 to,338.8 (289.3 to,0.8% (-3.5 to 5.2),1200 (1014 to 1398),27.8 (23.4 to 32.6),1.3% (-3.3 to 6.0),129 (99 to 153),4.8 (3.7 to 5.7),13.3% (-7.1 to
,15895),390.1),,,,,,,44.0)
Burkina Faso,26544 (22739 to,352.7 (299.6 to,0.2% (-4.1 to 4.9),2339 (1966 to 2726),28.8 (24.1 to 33.9),0.5% (-4.2 to 5.8),239 (178 to 298),5.0 (3.7 to 6.3),34.5% (12.9 to
,30307),406.9),,,,,,,68.6)
Cameroon,34488 (29615 to,354.7 (301.2 to,2.7% (-1.7 to 6.8),3050 (2566 to 3551),29.1 (24.4 to 34.1),3.2% (-1.5 to 7.4),287 (207 to 352),5.1 (3.7 to 6.2),0.7% (-16.3 to
,39467),409.2),,,,,,,23.6)
Cape Verde,1590 (1358 to 1831),370.5 (316.9 to,2.9% (-1.6 to 7.7),125 (105 to 145),30.4 (25.4 to 35.7),2.7% (-1.8 to 7.4),23 (21 to 25),4.6 (4.2 to 5.1),61.0% (34.8 to
,,429.1),,,,,,,93.4)
Chad,16227 (13838 to,345.9 (293.0 to,3.3% (-0.8 to 7.8),1415 (1189 to 1645),28.2 (23.7 to 33.1),3.1% (-1.0 to 8.3),120 (87 to 150),4.0 (2.9 to 5.0),7.4% (-10.1 to
,18724),399.3),,,,,,,36.7)
Cote d'Ivoire,30120 (25976 to,359.6 (305.4 to,-0.3% (-4.2 to 3.9),2686 (2255 to 3135),29.4 (24.6 to 34.5),-0.2% (-4.3 to 4.6),211 (177 to 246),4.6 (3.9 to 5.3),24.3% (3.3 to
,34692),415.9),,,,,,,54.4)
The Gambia,3056 (2631 to 3497),361.5 (308.6 to,0.6% (-3.3 to 5.0),261 (220 to 304),29.7 (25.1 to 34.7),0.5% (-3.7 to 5.6),29 (24 to 35),5.1 (4.2 to 6.0),25.2% (2.9 to
,,415.5),,,,,,,61.8)
Ghana,48108 (41382 to,364.9 (312.5 to,2.0% (-2.4 to 6.1),4261 (3594 to 4975),29.9 (25.1 to 34.9),2.5% (-2.6 to 6.7),286 (246 to 327),3.8 (3.3 to 4.3),35.6% (15.3 to
,55332),423.9),,,,,,,60.5)
Guinea,16382 (14089 to,338.7 (290.5 to,1.2% (-3.3 to 5.9),1408 (1189 to 1645),27.7 (23.3 to 32.5),1.5% (-3.2 to 6.7),157 (130 to 185),4.5 (3.7 to 5.2),12.0% (-7.5 to
,18827),391.9),,,,,,,49.7)
Guinea-Bissau,2000 (1717 to 2300),351.5 (298.1 to,2.6% (-2.0 to 7.2),180 (151 to 209),28.8 (24.1 to 33.8),3.0% (-1.8 to 8.1),16 (13 to 19),5.4 (4.5 to 6.3),5.3% (-12.9 to
,,405.6),,,,,,,29.0)
Liberia,6149 (5322 to 7062),369.4 (314.4 to,-2.8% (-6.7 to 1.7),531 (450 to 616),30.1 (25.4 to 35.1),-2.5% (-6.5 to 2.3),46 (31 to 56),4.2 (2.9 to 5.1),8.0% (-9.2 to
,,428.4),,,,,,,35.0)
Mali,24022 (20675 to,339.7 (289.2 to,2.6% (-1.6 to 7.0),2128 (1782 to 2482),27.7 (23.3 to 32.3),2.4% (-2.2 to 7.0),211 (147 to 265),5.2 (3.6 to 6.5),13.4% (-2.5 to
,27700),394.2),,,,,,,32.2)
Mauritania,6359 (5469 to 7294),353.5 (301.1 to,4.2% (-0.1 to 8.5),548 (459 to 637),28.8 (24.2 to 33.6),3.5% (-1.3 to 8.2),64 (49 to 80),5.0 (3.9 to 6.2),6.8% (-11.5 to
,,408.6),,,,,,,28.4)
Niger,19746 (17089 to,326.8 (279.1 to,-1.5% (-5.8 to 3.1),1789 (1509 to 2092),26.7 (22.5 to 31.2),-2.0% (-6.6 to 2.6),119 (82 to 155),3.7 (2.6 to 4.9),-1.8% (-16.0 to
,22764),378.0),,,,,,,14.6)
Nigeria,264534 (226962 to,364.0 (309.6 to,4.8% (0.5 to 9.2),22825 (19172 to,29.6 (24.9 to 34.8),3.4% (-1.0 to 8.1),2331 (1720 to 3060),4.6 (3.4 to 5.9),4.6% (-20.2 to
,303883),420.8),,26443),,,,,36.4)
Sao Tome and Principe,345 (297 to 395),379.3 (323.2 to,2.8% (-1.1 to 7.1),29 (25 to 34),31.0 (25.9 to 36.4),2.4% (-1.9 to 7.2),3 (3 to 4),4.8 (3.8 to 5.7),48.4% (22.5 to
,,437.9),,,,,,,95.9)
Senegal,22447 (19265 to,350.3 (299.0 to,0.0% (-4.3 to 3.9),1950 (1647 to 2279),28.7 (24.1 to 33.6),0.0% (-4.2 to 4.3),174 (138 to 202),3.9 (3.1 to 4.6),13.6% (-5.1 to
,25906),404.6),,,,,,,40.4)
Sierra Leone,11486 (9833 to,381.8 (324.4 to,0.4% (-3.8 to 4.9),993 (830 to 1163),31.1 (26.0 to 36.5),0.5% (-3.9 to 5.0),79 (63 to 94),4.1 (3.4 to 4.9),16.4% (-2.7 to
,13232),442.7),,,,,,,46.7)
Togo,9954 (8616 to 11409),347.9 (296.5 to,-1.5% (-5.9 to 2.9),901 (758 to 1049),28.6 (23.9 to 33.4),-0.8% (-5.2 to 4.2),64 (52 to 77),4.3 (3.5 to 5.1),4.8% (-12.8 to
,,400.3),,,,,,,31.2)
Andean Latin America,284895 (246970 to,532.2 (460.3 to,4.7% (2.1 to 7.0),20784 (17724 to,38.6 (32.8 to 44.5),4.5% (1.9 to 7.2),2226 (2045 to 2393),4.2 (3.8 to 4.5),7.6% (-3.6 to
,325634),609.2),,23993),,,,,20.8)
Bolivia,42637 (36842 to,513.5 (443.3 to,5.7% (1.9 to 9.5),3222 (2737 to 3727),37.4 (31.8 to 43.2),5.8% (1.5 to 10.0),375 (310 to 443),5.8 (4.9 to 6.8),15.6% (-3.8 to
,48855),588.5),,,,,,,38.3)
Ecuador,78340 (67842 to,538.5 (464.9 to,5.5% (1.3 to 9.7),5745 (4879 to 6677),39.0 (33.1 to 45.3),5.3% (1.1 to 9.7),631 (568 to 706),4.8 (4.3 to 5.3),58.2% (37.4 to
,90039),619.3),,,,,,,75.7)
Peru,163918 (141796 to,534.2 (461.0 to,4.0% (0.4 to 8.1),11817 (10082 to,38.7 (32.8 to 44.8),3.9% (-0.2 to 8.0),1220 (1059 to 1378),3.7 (3.2 to 4.1),-9.1% (-22.8 to
,187175),611.7),,13641),,,,,8.8)
Tropical Latin America,1472595 (1239496 to,642.0 (538.4 to,3.4% (1.7 to 5.2),107376 (87948 to,46.2 (37.7 to 55.0),3.0% (1.1 to 4.9),10284 (9644 to,4.8 (4.5 to 5.2),2.5% (-3.0 to 7.2)
,1724050),751.2),,128308),,,10941),,
Brazil,1436584 (1209415 to,640.9 (537.0 to,3.5% (1.7 to 5.3),104774 (85687 to,46.1 (37.6 to 54.9),3.1% (1.1 to 5.0),10059 (9390 to,4.8 (4.5 to 5.2),2.5% (-2.9 to 7.3)
,1683172),751.0),,125390),,,10698),,
Paraguay,36011 (31412 to,694.1 (602.0 to,1.4% (-2.4 to 5.5),2602 (2232 to 3005),48.9 (41.8 to 56.7),1.6% (-2.5 to 6.0),225 (195 to 267),4.8 (4.2 to 5.7),2.9% (-12.8 to
,41093),793.8),,,,,,,23.5)
Central Latin America,1389155 (1208309 to,607.3 (526.4 to,0.9% (-0.2 to 1.9),100508 (85821 to,43.1 (36.8 to 49.5),1.0% (-0.1 to 2.2),8575 (8087 to 9254),4.0 (3.8 to 4.3),-3.0% (-8.1 to 1.2)
,1584830),692.3),,115680),,,,,
Colombia,285801 (246582 to,530.2 (457.5 to,0.5% (-3.7 to 4.3),20512 (17405 to,38.0 (32.4 to 43.9),0.7% (-3.1 to 5.0),1887 (1687 to 2141),3.4 (3.0 to 3.8),3.7% (-8.4 to
,326145),605.4),,23720),,,,,15.2)
Costa Rica,26001 (22610 to,532.1 (461.1 to,1.3% (-2.4 to 5.2),1882 (1612 to 2179),38.1 (32.6 to 44.1),1.3% (-2.7 to 5.4),173 (151 to 188),3.4 (3.0 to 3.7),-3.3% (-14.0 to
,29713),607.2),,,,,,,8.1)
El Salvador,29109 (25227 to,511.3 (443.1 to,4.9% (0.6 to 9.5),2079 (1775 to 2391),36.8 (31.3 to 42.3),4.8% (0.5 to 9.5),274 (226 to 315),4.5 (3.7 to 5.1),18.9% (1.5 to
,33130),582.0),,,,,,,39.3)
Guatemala,52164 (45102 to,492.1 (425.4 to,2.0% (-1.9 to 6.2),3829 (3254 to 4403),35.4 (30.1 to 40.7),2.1% (-1.9 to 6.9),245 (202 to 273),2.9 (2.4 to 3.3),-18.1% (-28.0 to
,59504),562.7),,,,,,,0.4)
Honduras,29617 (25778 to,512.1 (442.4 to,3.8% (-0.1 to 8.1),2188 (1868 to 2511),36.7 (31.0 to 42.1),3.4% (-0.7 to 8.3),193 (129 to 242),4.0 (2.7 to 5.1),23.4% (-2.0 to
,33577),582.8),,,,,,,59.4)
Mexico,772012 (671496 to,687.1 (596.5 to,2.0% (1.1 to 3.0),55658 (47369 to,48.2 (41.1 to 55.6),1.7% (0.7 to 2.7),4550 (4347 to 5007),4.5 (4.3 to 5.0),-3.2% (-6.3 to 1.4)
,881931),783.3),,64244),,,,,
Nicaragua,23491 (20460 to,527.2 (456.9 to,2.9% (-1.2 to 7.0),1714 (1471 to 1969),37.8 (32.3 to 43.7),2.7% (-1.5 to 7.3),162 (145 to 178),3.7 (3.3 to 4.1),-10.6% (-21.5 to
,26696),601.9),,,,,,,5.0)
Panama,20453 (17811 to,518.1 (451.4 to,2.5% (-1.1 to 6.1),1470 (1259 to 1693),37.2 (31.7 to 42.9),2.5% (-1.4 to 6.4),156 (144 to 171),3.6 (3.4 to 4.0),1.7% (-11.1 to
,23292),590.5),,,,,,,11.8)
Venezuela,150507 (131305 to,555.1 (480.5 to,-0.8% (-4.4 to 3.1),11175 (9550 to,39.8 (33.9 to 45.9),-0.5% (-4.3 to 3.6),937 (814 to 1061),3.9 (3.4 to 4.5),1.0% (-14.1 to
,171554),632.8),,12849),,,,,16.2)
Southern Latin America,477727 (409274 to,571.3 (490.2 to,-7.7% (-10.8 to -,39020 (33100 to,47.3 (40.2 to 55.3),-7.7% (-10.9 to -,4332 (4025 to 4891),4.9 (4.6 to 5.6),-1.3% (-11.2 to
,548664),655.3),4.4),45683),,4.5),,,7.9)
Argentina,312545 (266547 to,571.5 (489.1 to,-8.3% (-12.6 to -,25478 (21560 to,47.4 (40.2 to 55.5),-8.3% (-12.5 to -,2678 (2427 to 3007),4.7 (4.2 to 5.2),-4.0% (-16.0 to
,360599),657.1),3.9),29928),,3.9),,,7.9)
Chile,133279 (114065 to,574.5 (491.7 to,-6.2% (-10.2 to -,11047 (9295 to,47.3 (39.9 to 54.9),-6.4% (-11.0 to -,1337 (1194 to 1597),5.7 (5.1 to 6.8),2.4% (-8.5 to
,153411),660.3),1.6),12859),,2.0),,,13.1)
Uruguay,31882 (27065 to,556.3 (474.4 to,-6.6% (-10.5 to -,2493 (2100 to 2918),46.3 (39.1 to 54.2),-6.4% (-10.6 to -,317 (281 to 350),4.5 (4.0 to 5.0),-4.4% (-14.8 to
,36815),642.4),2.7),,,1.9),,,8.3)
Caribbean,274008 (237139 to,540.3 (467.6 to,1.7% (-0.1 to 3.8),19912 (16923 to,39.1 (33.2 to 45.1),2.1% (0.0 to 4.2),2209 (2092 to 2368),4.2 (4.0 to 4.5),1.1% (-13.3 to
,312311),615.9),,22916),,,,,8.1)
Antigua and Barbuda,525 (452 to 600),528.2 (454.6 to,5.6% (2.1 to 9.5),39 (33 to 45),38.3 (32.3 to 44.4),5.0% (0.9 to 9.1),6 (5 to 6),5.7 (5.2 to 6.4),-0.8% (-13.4 to
,,604.8),,,,,,,18.1)
The Bahamas,1891 (1639 to 2158),529.6 (457.4 to,-1.1% (-5.0 to 2.4),144 (122 to 166),38.5 (32.6 to 44.2),-1.3% (-5.4 to 2.7),17 (15 to 19),5.7 (5.2 to 6.5),2.7% (-8.7 to
,,602.9),,,,,,,16.9)
Barbados,2625 (2245 to 3003),541.6 (466.7 to,4.0% (-0.1 to 7.8),189 (160 to 219),39.3 (33.6 to 45.5),3.6% (-0.7 to 8.1),25 (23 to 28),4.9 (4.5 to 5.5),11.8% (-0.9 to
,,617.2),,,,,,,23.2)
Belize,1367 (1190 to 1562),550.5 (475.8 to,2.6% (-1.2 to 6.5),103 (88 to 118),39.7 (33.6 to 45.8),2.3% (-1.9 to 6.8),9 (8 to 11),4.3 (3.9 to 5.1),4.5% (-7.8 to
,,629.3),,,,,,,16.2)
Bermuda,704 (606 to 806),565.2 (489.1 to,-0.9% (-4.9 to 3.0),50 (43 to 58),41.1 (35.0 to 47.4),-0.8% (-4.9 to 3.4),6 (5 to 7),4.2 (3.7 to 4.7),-8.0% (-19.1 to
,,647.2),,,,,,,3.4)
Cuba,101194 (86879 to,540.8 (465.7 to,0.5% (-3.0 to 4.9),7239 (6116 to 8401),39.2 (33.2 to 45.3),1.0% (-3.0 to 6.2),799 (717 to 904),3.8 (3.4 to 4.2),-2.3% (-24.7 to
,115813),618.6),,,,,,,11.9)
Dominica,516 (446 to 588),549.9 (475.3 to,5.3% (0.9 to 10.0),37 (31 to 42),40.0 (34.0 to 46.1),5.0% (0.4 to 10.1),7 (6 to 7),6.2 (5.6 to 6.8),7.5% (-2.0 to
,,627.1),,,,,,,17.2)
Dominican Republic,49416 (43037 to,546.7 (474.8 to,2.3% (-1.1 to 6.2),3623 (3094 to 4157),39.6 (33.7 to 45.5),2.8% (-1.0 to 6.7),385 (335 to 435),4.4 (3.8 to 4.9),-1.7% (-16.2 to
,56595),625.4),,,,,,,27.2)
Grenada,893 (763 to 1024),550.3 (473.7 to,6.6% (2.2 to 11.0),61 (51 to 71),39.8 (33.7 to 46.1),5.6% (1.2 to 10.3),10 (9 to 11),5.4 (4.9 to 6.0),-8.1% (-19.6 to
,,628.5),,,,,,,16.4)
Guyana,3106 (2712 to 3556),544.7 (473.6 to,0.6% (-3.1 to 4.6),239 (204 to 277),39.5 (33.8 to 45.6),0.9% (-2.9 to 4.8),22 (20 to 26),4.9 (4.4 to 5.8),11.5% (-0.5 to
,,621.1),,,,,,,24.2)
Haiti,32011 (27843 to,519.9 (449.4 to,1.8% (-2.3 to 6.1),2501 (2132 to 2885),37.6 (31.9 to 43.4),1.8% (-2.6 to 6.4),208 (156 to 256),5.7 (4.2 to 6.9),11.4% (-5.6 to
,36732),593.8),,,,,,,31.5)
Jamaica,15802 (13671 to,543.9 (470.4 to,5.1% (0.9 to 9.3),1135 (966 to 1311),39.4 (33.4 to 45.7),4.8% (0.9 to 9.4),166 (144 to 208),4.9 (4.2 to 6.2),7.4% (-7.7 to
,17991),620.9),,,,,,,24.0)
Puerto Rico,38323 (33070 to,542.6 (470.0 to,2.8% (-1.4 to 6.9),2663 (2245 to 3125),39.4 (33.6 to 45.7),3.2% (-1.6 to 8.0),351 (324 to 397),3.9 (3.6 to 4.4),2.3% (-8.8 to
,44100),621.8),,,,,,,10.8)
Saint Lucia,1139 (991 to 1298),552.1 (479.8 to,4.4% (0.4 to 8.2),83 (71 to 96),40.0 (33.9 to 46.2),3.9% (-0.2 to 7.6),12 (11 to 14),5.8 (5.3 to 6.7),-7.2% (-19.2 to
,,631.2),,,,,,,2.3)
Saint Vincent and the Grenadines,774 (670 to 887),561.8 (486.8 to,8.1% (4.3 to 12.4),56 (47 to 64),40.6 (34.4 to 46.9),7.1% (2.5 to 11.5),7 (6 to 7),4.8 (4.4 to 5.3),-24.3% (-30.6 to -
,,643.2),,,,,,,13.1)
Suriname,3040 (2636 to 3470),542.1 (468.7 to,5.1% (1.0 to 8.9),229 (193 to 265),39.4 (33.4 to 45.5),5.2% (0.9 to 9.2),25 (22 to 29),5.1 (4.7 to 6.0),17.3% (5.0 to
,,620.0),,,,,,,29.6)
Trinidad and Tobago,9838 (8492 to 11261),558.9 (482.4 to,2.0% (-1.6 to 6.2),732 (618 to 850),40.6 (34.5 to 46.9),2.2% (-1.8 to 6.6),67 (52 to 80),4.1 (3.2 to 4.9),6.9% (-12.5 to
,,638.1),,,,,,,26.2)
"Virgin Islands, U.S.",993 (856 to 1146),544.3 (472.7 to,2.7% (-1.0 to 6.4),74 (62 to 87),39.7 (33.8 to 45.8),3.0% (-1.0 to 6.8),10 (9 to 11),6.7 (5.9 to 7.6),19.4% (1.8 to
,,620.7),,,,,,,37.4)
Central Europe,1340134 (1168178 to,608.4 (533.3 to,-1.4% (-5.3 to 3.9),97368 (84409 to,46.1 (40.3 to 52.4),-0.4% (-4.3 to 5.0),10144 (9755 to,4.5 (4.3 to 4.9),2.8% (-3.1 to 8.0)
,1516086),685.3),,111279),,,11104),,
Albania,24207 (20510 to,564.5 (482.2 to,2.4% (-1.8 to 7.3),1821 (1519 to 2137),42.3 (35.5 to 49.4),1.2% (-3.3 to 6.0),151 (122 to 176),4.0 (3.2 to 4.6),42.0% (17.2 to
,28069),651.0),,,,,,,69.4)
Bosnia and Herzegovina,35987 (30407 to,595.1 (506.6 to,0.0% (-4.0 to 4.4),2724 (2290 to 3159),44.6 (37.8 to 51.7),-0.1% (-4.6 to 4.4),277 (256 to 313),5.6 (5.2 to 6.3),56.5% (38.0 to
,41655),686.0),,,,,,,81.5)
Bulgaria,88079 (74635 to,564.6 (482.0 to,-6.3% (-10.7 to -,6223 (5221 to 7279),42.5 (36.1 to 49.2),-5.6% (-10.1 to -,751 (694 to 915),4.8 (4.4 to 5.8),7.1% (-6.2 to
,101980),651.0),1.7),,,0.9),,,15.9)
Croatia,43670 (38861 to,483.3 (432.8 to,-12.4% (-19.8 to -,3070 (2703 to 3442),36.5 (32.3 to 40.6),-12.9% (-20.3 to -,293 (273 to 339),3.1 (2.9 to 3.6),-14.2% (-20.2 to -
,48436),535.1),3.8),,,4.4),,,4.9)
Czech Republic,135868 (116760 to,639.3 (553.6 to,2.9% (-4.2 to,9559 (8101 to,47.5 (40.7 to 55.2),1.2% (-5.1 to 8.6),867 (774 to 926),4.0 (3.5 to 4.2),-3.6% (-9.9 to 2.9)
,157896),735.8),11.4),11237),,,,,
Hungary,125060 (105701 to,627.8 (534.6 to,-7.2% (-11.9 to -,8879 (7412 to,47.3 (39.8 to 55.2),-6.9% (-11.8 to -,810 (753 to 913),3.8 (3.5 to 4.2),-15.6% (-21.8 to -
,145539),727.0),3.1),10456),,2.4),,,8.3)
Macedonia,18637 (15880 to,548.2 (469.9 to,-5.0% (-9.6 to -,1421 (1191 to 1669),41.3 (35.0 to 48.2),-4.2% (-9.0 to 0.5),135 (120 to 147),4.4 (3.9 to 4.8),-25.8% (-33.7 to -
,21651),633.3),0.6),,,,,,18.7)
Montenegro,6020 (5131 to 7018),594.9 (509.0 to,0.0% (-4.3 to 4.8),451 (381 to 530),44.5 (37.9 to 52.1),-0.2% (-4.9 to 4.5),127 (116 to 146),13.9 (12.6 to 16.1),17.4% (6.2 to
,,691.9),,,,,,,30.0)
Poland,495314 (425707 to,698.4 (600.9 to,9.3% (1.6 to 20.9),35974 (30617 to,52.6 (45.2 to 61.2),9.4% (1.6 to 21.4),3723 (3468 to 4285),4.8 (4.5 to 5.5),5.5% (-4.8 to
,573563),806.3),,41979),,,,,14.3)
Romania,196967 (176833 to,506.1 (453.8 to,-14.5% (-22.4 to -,14585 (13026 to,39.4 (35.4 to 44.1),-11.2% (-19.0 to -,1456 (1250 to 1553),3.7 (3.2 to 3.9),-1.2% (-10.5 to
,220281),564.7),6.8),16404),,3.0),,,11.0)
Serbia,77900 (68338 to,473.5 (417.2 to,-10.2% (-18.8 to -,5875 (5128 to 6708),36.4 (32.0 to 41.3),-8.6% (-17.1 to -,880 (814 to 1035),6.2 (5.7 to 7.1),27.0% (15.8 to
,88900),539.7),2.8),,,0.8),,,41.2)
Slovakia,61154 (52084 to,668.4 (573.7 to,-3.2% (-8.2 to 2.7),4606 (3869 to 5412),50.1 (42.6 to 58.3),-2.9% (-7.9 to 3.0),440 (411 to 472),5.1 (4.8 to 5.5),2.6% (-5.5 to
,71122),774.7),,,,,,,11.5)
Slovenia,31271 (27481 to,718.2 (630.7 to,3.4% (-6.8 to,2180 (1908 to 2445),54.4 (47.7 to 60.7),4.3% (-6.4 to,234 (205 to 258),4.7 (4.1 to 5.1),-2.4% (-12.7 to
,34805),796.0),17.0),,,19.6),,,6.0)
Eastern Europe,2040088 (1746689 to,580.8 (499.0 to,7.5% (6.2 to 8.8),150473 (127381 to,43.5 (37.0 to 50.4),6.6% (5.2 to 7.9),14875 (14158 to,4.3 (4.1 to 4.5),9.9% (4.1 to 22.5)
,2351771),666.5),,175382),,,15621),,
Belarus,94228 (80019 to,581.8 (496.4 to,4.7% (-0.3 to 9.1),6925 (5835 to 8071),43.6 (36.9 to 50.6),4.5% (-0.3 to 9.3),655 (589 to 750),3.9 (3.5 to 4.5),5.6% (-6.0 to
,108815),671.4),,,,,,,33.8)
Estonia,16619 (14130 to,606.6 (519.5 to,10.2% (5.1 to,1122 (944 to 1308),45.4 (38.5 to 52.6),9.5% (4.4 to 14.2),143 (121 to 175),4.4 (3.7 to 5.3),27.5% (8.9 to
,19171),701.3),14.8),,,,,,57.1)
Latvia,26232 (22797 to,627.8 (542.7 to,17.2% (8.4 to,1760 (1533 to 2002),46.8 (40.6 to 53.2),16.1% (7.4 to,187 (165 to 209),3.9 (3.4 to 4.4),14.8% (1.6 to
,29781),713.4),31.5),,,30.4),,,28.9)
Lithuania,36884 (31350 to,610.8 (522.2 to,7.7% (3.2 to 12.4),2493 (2088 to 2908),45.6 (38.4 to 53.0),8.1% (3.6 to 12.9),278 (254 to 297),4.0 (3.6 to 4.2),4.2% (-4.1 to
,42632),703.9),,,,,,,15.3)
Moldova,32298 (27513 to,567.5 (482.4 to,0.2% (-4.1 to 4.9),2428 (2042 to 2839),42.3 (35.7 to 49.2),0.7% (-4.0 to 5.5),157 (143 to 165),2.8 (2.5 to 2.9),-24.3% (-29.1 to -
,37372),654.4),,,,,,,17.9)
Russian Federation,1351142 (1156658 to,571.5 (491.0 to,9.0% (8.2 to 9.8),100825 (85439 to,42.9 (36.5 to 49.7),7.7% (6.9 to 8.6),9292 (8868 to 9802),4.0 (3.9 to 4.3),2.7% (-4.1 to
,1561282),656.2),,117764),,,,,22.5)
Ukraine,482686 (411442 to,603.7 (515.1 to,5.3% (1.3 to 9.6),34920 (29282 to,45.1 (38.2 to 52.4),4.8% (0.6 to 9.5),4163 (3928 to 4422),5.3 (5.0 to 5.6),34.6% (21.3 to
,559756),697.2),,40734),,,,,45.7)
North Africa and Middle East,1178140 (1033161 to,311.9 (272.0 to,-3.0% (-4.9 to -,100580 (86803 to,25.6 (21.9 to 29.5),-2.5% (-4.4 to -,8008 (7556 to 9293),2.7 (2.5 to 3.1),11.7% (1.7 to
,1334040),354.2),1.0),114985),,0.5),,,22.5)
Afghanistan,26974 (23151 to,303.4 (257.5 to,-1.2% (-5.4 to 3.5),2294 (1930 to 2667),24.7 (20.7 to 29.0),-1.5% (-6.0 to 3.3),137 (110 to 169),2.3 (1.9 to 2.8),8.0% (-6.5 to
,31006),351.5),,,,,,,37.5)
Algeria,95426 (81867 to,311.0 (264.9 to,-1.4% (-5.8 to 2.7),7991 (6757 to 9302),25.3 (21.3 to 29.7),-1.5% (-6.1 to 3.1),738 (639 to 928),2.9 (2.5 to 3.7),14.6% (-0.1 to
,109438),357.8),,,,,,,39.9)
Bahrain,2457 (2127 to 2820),315.3 (270.2 to,-5.0% (-8.7 to -,223 (189 to 262),25.7 (21.7 to 30.1),-4.7% (-8.7 to -,27 (21 to 30),6.4 (5.3 to 7.1),85.3% (9.5 to
,,364.3),0.7),,,0.3),,,125.0)
Egypt,153059 (132193 to,324.4 (277.2 to,2.5% (-1.4 to 7.1),14017 (11805 to,26.5 (22.1 to 31.0),2.4% (-1.8 to 7.4),848 (668 to 1167),3.2 (2.6 to 4.2),29.2% (8.9 to
,175990),374.4),,16431),,,,,53.6)
Iran,219623 (189642 to,337.9 (289.5 to,-4.2% (-5.1 to -,18293 (15433 to,27.4 (23.1 to 32.1),-4.3% (-5.4 to -,1701 (1626 to 1787),3.2 (3.1 to 3.4),57.1% (45.7 to
,250254),388.3),3.1),21140),,3.2),,,75.3)
Iraq,69424 (59808 to,341.1 (291.3 to,-3.2% (-7.2 to 1.0),5956 (5032 to 6963),27.7 (23.3 to 32.5),-3.4% (-7.7 to 0.8),359 (316 to 555),2.3 (2.0 to 3.7),-38.1% (-49.0 to -
,79899),394.4),,,,,,,26.6)
Jordan,16864 (14560 to,330.2 (282.0 to,2.1% (-2.2 to 6.6),1476 (1249 to 1710),26.9 (22.5 to 31.4),1.8% (-2.7 to 6.9),118 (105 to 133),4.1 (3.7 to 4.6),64.6% (39.0 to
,19279),378.9),,,,,,,93.8)
Kuwait,7199 (6285 to 8194),320.3 (272.1 to,1.2% (-3.1 to 6.0),592 (505 to 682),26.1 (21.8 to 30.5),0.8% (-3.6 to 6.2),26 (23 to 30),1.4 (1.2 to 1.6),-19.0% (-28.6 to -
,,368.2),,,,,,,9.2)
Lebanon,18818 (16230 to,333.0 (285.4 to,-0.1% (-4.2 to 4.5),1565 (1320 to 1834),27.1 (22.8 to 32.0),-0.2% (-4.6 to 5.1),147 (131 to 179),3.2 (2.8 to 3.8),12.2% (-4.5 to
,21734),385.6),,,,,,,39.6)
Libya,13715 (11858 to,339.6 (288.6 to,3.7% (-0.6 to 8.4),1159 (975 to 1350),27.6 (23.2 to 32.5),3.4% (-1.1 to 8.2),83 (65 to 107),2.7 (2.1 to 3.5),17.6% (-5.3 to
,15713),393.9),,,,,,,45.3)
Morocco,96434 (82023 to,329.2 (279.7 to,0.0% (-4.1 to 4.2),8213 (6883 to 9577),26.8 (22.5 to 31.4),0.0% (-4.5 to 4.7),636 (530 to 775),2.8 (2.3 to 3.4),36.0% (12.4 to
,111085),381.6),,,,,,,70.9)
Palestine,6583 (5660 to 7538),307.3 (261.8 to,-2.0% (-5.8 to 2.1),564 (475 to 654),25.1 (21.1 to 29.3),-2.0% (-6.0 to 2.5),57 (51 to 67),3.4 (3.0 to 4.0),14.2% (-1.8 to
,,354.2),,,,,,,34.1)
Oman,5637 (4893 to 6457),326.2 (277.2 to,8.4% (3.3 to 13.0),474 (403 to 549),26.5 (22.3 to 31.0),7.7% (2.3 to 12.9),37 (32 to 44),4.2 (3.5 to 4.9),-1.4% (-21.3 to
,,375.8),,,,,,,24.8)
Qatar,2701 (2317 to 3118),326.9 (277.8 to,-3.9% (-8.0 to 0.0),236 (200 to 279),26.6 (22.4 to 31.0),-4.2% (-8.7 to 0.1),19 (16 to 23),6.5 (5.4 to 8.5),-5.7% (-26.7 to
,,377.8),,,,,,,18.1)
Saudi Arabia,42881 (37032 to,313.6 (268.3 to,2.7% (-1.2 to 7.1),3777 (3205 to 4351),25.6 (21.6 to 30.0),2.6% (-2.0 to 7.0),266 (233 to 304),3.8 (3.2 to 4.3),34.9% (5.8 to
,49187),360.8),,,,,,,75.6)
Sudan,53772 (46517 to,331.9 (284.0 to,2.7% (-1.7 to 6.9),4553 (3835 to 5298),27.0 (22.7 to 31.6),2.5% (-2.2 to 7.2),318 (251 to 401),2.5 (2.0 to 3.2),15.4% (-3.3 to
,61744),383.4),,,,,,,38.7)
Syria,37437 (32020 to,326.9 (276.8 to,0.7% (-3.4 to 4.6),3251 (2735 to 3809),26.6 (22.3 to 31.3),0.8% (-3.6 to 5.0),271 (225 to 331),3.2 (2.6 to 3.9),5.9% (-10.7 to
,42939),379.1),,,,,,,27.2)
Tunisia,36203 (30945 to,312.9 (267.1 to,-0.9% (-4.8 to 3.2),3050 (2562 to 3548),25.5 (21.4 to 29.8),-0.8% (-4.9 to 3.4),312 (258 to 393),3.2 (2.6 to 4.0),12.5% (-8.4 to
,41673),360.6),,,,,,,40.6)
Turkey,227610 (207974 to,265.7 (242.4 to,-12.8% (-20.7 to -,18981 (17159 to,22.1 (19.9 to 24.4),-10.9% (-18.8 to -,1673 (1492 to 2093),1.9 (1.7 to 2.4),-11.7% (-22.5 to
,249599),291.6),4.8),20940),,2.1),,,1.6)
United Arab Emirates,10100 (8562 to,318.9 (271.4 to,-5.4% (-8.9 to -,864 (719 to 1039),26.0 (21.9 to 30.5),-5.1% (-9.3 to -,30 (19 to 49),3.4 (2.3 to 5.3),31.7% (1.9 to
,11857),371.4),1.4),,,0.6),,,65.6)
Yemen,34122 (29531 to,305.9 (261.8 to,0.5% (-3.7 to 5.4),2958 (2490 to 3442),25.0 (21.0 to 29.2),0.2% (-4.1 to 5.3),197 (153 to 252),2.7 (2.1 to 3.3),19.3% (-7.2 to
,39203),353.5),,,,,,,61.6)
Central Asia,349765 (301096 to,524.0 (448.7 to,5.2% (3.3 to 7.2),29356 (24752 to,40.0 (33.9 to 46.6),4.6% (2.5 to 6.7),2552 (2395 to 2730),5.1 (4.8 to 5.4),37.2% (28.3 to
,401932),602.8),,34038),,,,,61.5)
Armenia,23201 (19776 to,558.2 (475.8 to,3.7% (-0.2 to 8.3),1779 (1501 to 2084),42.4 (36.0 to 49.6),3.4% (-0.9 to 8.5),155 (143 to 169),4.0 (3.7 to 4.4),23.3% (8.2 to
,26873),646.5),,,,,,,42.0)
Azerbaijan,43656 (37518 to,530.0 (453.7 to,7.2% (2.4 to 11.9),3743 (3139 to 4353),40.5 (34.3 to 47.3),6.6% (1.5 to 11.5),282 (242 to 308),5.3 (4.5 to 5.8),45.6% (22.2 to
,50344),610.7),,,,,,,118.8)
Georgia,32972 (28046 to,543.2 (465.1 to,6.6% (2.3 to 12.3),2465 (2068 to 2888),41.5 (35.2 to 48.3),6.0% (1.7 to 11.8),427 (394 to 471),7.0 (6.5 to 7.7),108.3% (63.0 to
,38206),625.7),,,,,,,132.8)
Kazakhstan,83664 (71480 to,532.7 (452.9 to,3.6% (-0.5 to 8.4),6948 (5832 to 8051),40.9 (34.3 to 47.5),3.1% (-1.5 to 7.8),542 (501 to 640),4.6 (4.3 to 5.4),7.4% (-4.0 to
,96298),613.2),,,,,,,38.3)
Kyrgyzstan,19981 (17107 to,502.2 (427.8 to,4.0% (-0.5 to 8.7),1664 (1404 to 1936),38.5 (32.4 to 45.0),3.5% (-1.0 to 8.2),103 (92 to 108),3.0 (2.7 to 3.2),-28.4% (-33.4 to -
,22863),578.1),,,,,,,21.1)
Mongolia,9822 (8458 to 11302),524.0 (444.9 to,3.0% (-1.4 to 7.7),862 (723 to 1004),40.1 (33.7 to 47.0),3.3% (-1.4 to 8.2),43 (38 to 47),4.0 (3.6 to 4.4),0.6% (-10.5 to
,,605.2),,,,,,,12.0)
Tajikistan,22067 (18982 to,494.8 (423.4 to,2.5% (-1.6 to 7.2),1868 (1578 to 2161),37.6 (31.8 to 43.7),1.9% (-2.2 to 6.3),131 (116 to 142),3.7 (3.3 to 4.0),5.6% (-6.6 to
,25297),567.9),,,,,,,22.9)
Turkmenistan,17672 (15232 to,525.3 (450.7 to,8.0% (3.1 to 13.2),1501 (1271 to 1754),40.1 (33.8 to 46.7),7.2% (2.3 to 12.0),142 (109 to 160),5.7 (4.2 to 6.5),36.8% (20.8 to
,20535),613.7),,,,,,,51.6)
Uzbekistan,96731 (82869 to,510.1 (436.2 to,7.5% (2.7 to 12.5),8525 (7164 to 9938),39.1 (32.9 to 45.8),7.5% (2.6 to 12.5),726 (647 to 818),6.2 (5.5 to 6.9),85.0% (59.5 to
,111674),592.6),,,,,,,148.3)
South Asia,4725431 (4055620 to,393.7 (336.1 to,0.3% (-0.6 to 1.2),419455 (352752 to,32.5 (27.4 to 38.1),0.3% (-0.6 to 1.3),27598 (22323 to,3.5 (2.8 to 4.1),32.0% (20.8 to
,5433364),453.9),,490580),,,32857),,48.4)
Bangladesh,444775 (379158 to,394.2 (333.2 to,3.3% (-1.2 to 7.5),38608 (32219 to,32.4 (27.2 to 38.0),3.0% (-1.4 to 7.5),2215 (1818 to 2756),2.8 (2.3 to 3.5),26.5% (5.5 to
,512516),454.8),,45371),,,,,49.7)
Bhutan,2170 (1867 to 2483),390.1 (332.8 to,0.7% (-3.5 to 5.0),186 (157 to 215),32.2 (27.1 to 37.6),0.5% (-4.1 to 5.0),16 (12 to 20),3.8 (2.9 to 4.7),21.1% (-2.9 to
,,448.0),,,,,,,50.8)
India,3818374 (3282194 to,392.0 (333.8 to,0.0% (-0.9 to 0.8),339527 (285457 to,32.4 (27.3 to 38.0),-0.1% (-0.9 to 0.8),21197 (16885 to,3.3 (2.6 to 4.0),40.2% (26.2 to
,4392642),452.4),,398308),,,25460),,59.4)
Nepal,81822 (70272 to,421.3 (361.3 to,1.4% (-3.0 to 5.9),7269 (6064 to 8523),34.7 (29.2 to 40.5),1.4% (-3.0 to 5.9),361 (292 to 432),2.6 (2.1 to 3.1),42.0% (17.4 to
,94528),486.3),,,,,,,71.0)
Pakistan,378290 (324289 to,405.1 (344.0 to,1.2% (-2.7 to 6.2),33865 (28414 to,33.3 (28.0 to 39.3),1.3% (-3.0 to 6.3),3809 (2912 to 4655),6.3 (4.8 to 7.7),55.7% (28.3 to
,436593),472.5),,39658),,,,,89.3)
Southeast Asia,2079271 (1790102 to,394.6 (337.5 to,3.0% (1.7 to 4.4),181755 (153287 to,32.3 (27.2 to 37.8),2.9% (1.6 to 4.2),14076 (13090 to,3.5 (3.3 to 3.8),17.3% (8.5 to
,2382000),453.5),,211077),,,14994),,26.6)
Cambodia,36643 (31392 to,373.4 (318.7 to,4.8% (0.7 to 9.7),3271 (2744 to 3848),30.7 (25.8 to 36.1),5.0% (0.8 to 10.0),204 (169 to 241),3.1 (2.6 to 3.7),25.7% (6.1 to
,42369),434.3),,,,,,,49.7)
Indonesia,755038 (651158 to,410.8 (352.3 to,3.1% (1.7 to 4.8),67198 (56768 to,33.6 (28.3 to 39.2),3.3% (1.6 to 5.0),4666 (4251 to 5206),3.9 (3.6 to 4.4),53.6% (34.3 to
,866681),471.9),,78180),,,,,75.6)
Laos,14101 (12126 to,391.6 (333.0 to,0.3% (-3.9 to 3.9),1248 (1047 to 1446),32.0 (26.6 to 37.3),0.2% (-4.1 to 4.4),90 (76 to 103),3.6 (3.1 to 4.2),10.6% (-4.8 to
,16169),451.3),,,,,,,30.9)
Malaysia,92020 (78415 to,402.3 (340.8 to,3.5% (-0.6 to 7.3),8099 (6760 to 9481),32.8 (27.4 to 38.6),3.3% (-1.0 to 7.6),634 (570 to 766),3.8 (3.4 to 4.6),9.7% (-3.6 to
,106330),466.3),,,,,,,33.9)
Maldives,1032 (890 to 1175),386.1 (327.7 to,-0.3% (-4.6 to 4.3),85 (72 to 98),31.5 (26.5 to 36.8),0.4% (-3.8 to 5.1),7 (5 to 8),3.0 (2.2 to 3.3),-6.5% (-23.4 to
,,445.2),,,,,,,12.8)
Mauritius,5973 (5117 to 6896),383.4 (329.2 to,1.5% (-2.6 to 5.5),521 (438 to 608),31.5 (26.5 to 36.7),1.2% (-3.1 to 5.3),50 (46 to 55),3.8 (3.5 to 4.2),13.2% (2.4 to
,,441.2),,,,,,,22.1)
Myanmar,150433 (128148 to,376.2 (319.9 to,-2.2% (-6.4 to 2.2),13170 (11006 to,30.9 (25.7 to 36.1),-1.9% (-6.5 to 2.9),750 (621 to 881),2.5 (2.0 to 2.9),8.1% (-11.7 to
,172961),432.7),,15308),,,,,30.2)
Philippines,228680 (196287 to,371.0 (315.8 to,-1.8% (-6.5 to 2.2),20539 (17172 to,30.5 (25.6 to 35.7),-1.4% (-6.3 to 3.5),1447 (1262 to 1746),3.8 (3.4 to 4.5),17.7% (1.7 to
,261928),425.1),,24082),,,,,40.6)
Sri Lanka,88657 (75732 to,383.7 (327.5 to,3.8% (-0.9 to 8.6),7755 (6445 to 9095),31.5 (26.5 to 36.9),4.1% (-1.3 to 9.4),612 (464 to 702),3.5 (2.6 to 4.0),22.9% (2.7 to
,102810),442.6),,,,,,,42.5)
Seychelles,394 (336 to 452),399.7 (339.8 to,0.8% (-3.1 to 5.2),34 (28 to 39),32.9 (27.7 to 38.5),1.0% (-3.3 to 5.6),3 (3 to 4),3.9 (3.1 to 4.8),13.7% (-2.5 to
,,459.4),,,,,,,29.3)
Thailand,360819 (307878 to,379.9 (323.5 to,2.6% (-1.6 to 6.7),30442 (25611 to,31.2 (26.2 to 36.4),2.4% (-1.7 to 6.9),2975 (2620 to 3251),3.3 (2.9 to 3.6),-12.9% (-24.5 to
,414480),435.6),,35437),,,,,2.8)
Timor-Leste,2820 (2392 to 3267),386.4 (327.1 to,-0.5% (-4.6 to 3.6),249 (208 to 294),31.5 (26.5 to 37.0),-0.6% (-5.3 to 4.2),17 (12 to 21),3.5 (2.5 to 4.3),29.4% (10.4 to
,,445.0),,,,,,,53.7)
Vietnam,339924 (290522 to,406.9 (347.0 to,9.4% (5.2 to 14.0),28904 (24350 to,33.4 (28.1 to 39.3),9.0% (4.4 to 13.7),2604 (2152 to 3011),3.5 (2.9 to 4.0),11.1% (-5.0 to
,391052),470.1),,33509),,,,,31.6)
East Asia,7994527 (6811104 to,412.2 (350.5 to,7.5% (6.6 to 8.4),677571 (569665 to,33.3 (28.0 to 38.8),7.6% (6.6 to 8.5),51760 (49453 to,3.4 (3.3 to 3.6),5.5% (-2.9 to
,9191872),473.8),,791562),,,54088),,18.2)
China,7611821 (6485965 to,413.6 (351.8 to,7.9% (6.9 to 8.8),645571 (542707 to,33.4 (28.1 to 38.9),7.9% (6.9 to 8.9),48818 (46730 to,3.4 (3.3 to 3.6),5.4% (-3.3 to
,8753326),475.5),,754233),,,51015),,17.8)
North Korea,110718 (94631 to,372.7 (317.6 to,-1.4% (-5.5 to 2.9),9403 (7920 to,30.3 (25.6 to 35.4),-1.1% (-5.3 to 3.1),798 (554 to 1002),3.5 (2.4 to 4.4),6.4% (-12.5 to
,128344),431.7),,11024),,,,,34.1)
Taiwan (Province of China),143201 (121993 to,374.7 (319.4 to,-3.6% (-7.4 to 0.4),11681 (9813 to,30.4 (25.6 to 35.5),-3.7% (-7.9 to 0.7),1310 (1219 to 1463),3.2 (3.0 to 3.6),6.4% (-0.8 to
,164555),431.0),,13648),,,,,14.6)
Oceania,19280 (16636 to,385.1 (330.4 to,0.4% (-2.1 to 2.8),1799 (1518 to 2092),31.5 (26.7 to 36.8),0.5% (-2.4 to 3.5),158 (143 to 176),4.5 (4.1 to 4.9),7.5% (-2.6 to
,22094),442.8),,,,,,,16.1)
American Samoa,151 (129 to 173),418.7 (357.0 to,1.0% (-3.3 to 5.4),14 (12 to 16),34.2 (28.8 to 39.8),0.9% (-3.4 to 5.7),2 (1 to 2),6.2 (4.3 to 8.8),9.8% (-7.2 to
,,480.7),,,,,,,34.2)
Federated States of Micronesia,212 (182 to 244),378.4 (322.1 to,1.6% (-2.9 to 5.4),20 (16 to 23),31.1 (26.2 to 36.5),1.7% (-3.0 to 6.3),2 (2 to 3),6.1 (5.2 to 7.0),10.2% (-5.0 to
,,437.4),,,,,,,29.5)
Fiji,2396 (2054 to 2761),388.6 (331.0 to,2.1% (-2.5 to 6.3),220 (183 to 258),31.9 (26.9 to 37.3),2.5% (-2.2 to 7.2),22 (19 to 25),5.0 (4.4 to 5.6),24.6% (2.5 to
,,448.9),,,,,,,49.3)
Guam,652 (556 to 754),391.0 (333.1 to,3.3% (-0.6 to 7.5),57 (48 to 66),32.0 (26.9 to 37.5),2.8% (-1.1 to 7.5),6 (5 to 6),3.9 (3.6 to 4.3),-12.8% (-22.2 to -
,,450.5),,,,,,,0.7)
Kiribati,203 (175 to 234),375.7 (324.1 to,2.1% (-2.6 to 6.6),19 (16 to 22),30.9 (26.1 to 36.1),2.5% (-3.0 to 7.5),1 (1 to 2),3.7 (3.1 to 4.4),20.8% (-1.9 to
,,431.5),,,,,,,45.5)
Marshall Islands,92 (79 to 106),374.6 (320.1 to,2.4% (-1.8 to 6.4),9 (7 to 10),30.7 (25.7 to 36.0),1.9% (-2.2 to 6.5),1 (1 to 1),6.6 (5.4 to 7.9),16.2% (2.8 to
,,433.2),,,,,,,31.8)
Northern Mariana Islands,164 (140 to 191),385.9 (328.5 to,-1.7% (-5.6 to 2.5),16 (13 to 18),31.6 (26.5 to 37.1),-1.8% (-5.7 to 2.2),2 (2 to 2),5.5 (4.9 to 6.1),5.5% (-12.2 to
,,446.4),,,,,,,24.5)
Papua New Guinea,12024 (10399 to,383.5 (329.2 to,-0.5% (-4.8 to 3.5),1142 (963 to 1334),31.3 (26.6 to 36.8),-0.1% (-4.8 to 4.5),92 (77 to 107),4.1 (3.5 to 4.7),10.8% (-1.6 to
,13790),441.3),,,,,,,24.3)
Samoa,482 (411 to 551),394.7 (335.9 to,0.6% (-3.7 to 4.7),42 (35 to 48),32.4 (27.2 to 37.7),0.9% (-3.5 to 5.2),6 (5 to 7),5.8 (4.6 to 7.2),13.5% (-7.6 to
,,452.5),,,,,,,36.5)
Solomon Islands,971 (836 to 1113),373.1 (318.0 to,0.0% (-4.1 to 4.2),87 (73 to 101),30.5 (25.6 to 35.6),0.2% (-4.0 to 4.8),7 (6 to 8),3.6 (3.0 to 4.2),18.0% (1.3 to
,,429.8),,,,,,,38.2)
Tonga,311 (265 to 359),409.2 (348.5 to,2.7% (-1.9 to 7.7),26 (22 to 31),33.4 (28.1 to 39.1),2.7% (-2.5 to 7.9),3 (2 to 4),4.6 (3.5 to 5.9),7.2% (-11.3 to
,,473.8),,,,,,,27.7)
Vanuatu,561 (482 to 646),393.6 (335.2 to,-1.3% (-5.1 to 2.7),50 (42 to 59),32.1 (27.0 to 37.4),-1.1% (-5.2 to 3.3),6 (4 to 8),5.7 (3.8 to 6.8),26.7% (7.5 to
,,453.6),,,,,,,51.1)
High-income Asia Pacific,979276 (852329 to,238.4 (209.2 to,-6.9% (-10.6 to -,62109 (53210 to,16.2 (13.8 to 18.4),-11.4% (-15.5 to -,14548 (13668 to,2.4 (2.2 to 2.7),-16.0% (-19.6 to -
,1106890),270.1),2.8),71151),,7.1),16324),,11.1)
Brunei,799 (701 to 914),257.2 (224.0 to,-11.8% (-15.6 to -,59 (50 to 68),17.2 (14.6 to 19.9),-10.9% (-14.5 to -,11 (10 to 12),5.7 (5.1 to 6.2),-12.0% (-23.8 to
,,295.0),8.3),,,7.1),,,4.5)
Japan,735409 (640188 to,230.7 (203.1 to,-7.6% (-12.1 to -,45342 (38696 to,15.5 (13.4 to 17.7),-13.0% (-17.7 to -,12551 (11906 to,2.4 (2.3 to 2.8),-16.7% (-20.0 to -
,833763),260.4),2.7),52244),,7.7),14212),,10.8)
Singapore,19183 (16640 to,278.7 (241.4 to,-5.6% (-9.1 to -,1320 (1125 to 1536),18.6 (15.9 to 21.6),-6.3% (-9.9 to -,117 (105 to 136),1.8 (1.6 to 2.1),-33.5% (-40.9 to -
,22037),319.6),1.2),,,1.8),,,21.4)
South Korea,223886 (193910 to,264.3 (229.6 to,-8.5% (-12.4 to -,15388 (13014 to,18.1 (15.4 to 20.8),-10.5% (-14.7 to -,1869 (1656 to 2039),2.5 (2.2 to 2.7),2.3% (-12.9 to
,256735),303.2),4.5),17860),,6.6),,,12.1)
High-income North America,5532070 (4832318 to,871.0 (762.2 to,7.6% (3.6 to 11.7),464740 (403142 to,75.5 (65.6 to 86.0),9.5% (4.9 to 13.9),34532 (31832 to,4.7 (4.4 to 5.2),19.5% (14.7 to
,6227851),978.7),,530910),,,37625),,26.6)
Canada,447189 (379243 to,638.7 (544.0 to,-11.4% (-15.2 to -,37401 (31429 to,55.4 (46.3 to 64.8),-12.0% (-16.2 to -,3117 (2874 to 3396),3.8 (3.5 to 4.1),-7.9% (-14.8 to
,516272),736.5),7.2),43891),,7.8),,,2.4)
Greenland,432 (369 to 497),731.2 (622.9 to,-6.9% (-11.0 to -,41 (34 to 47),63.7 (53.7 to 74.1),-8.4% (-12.8 to -,4 (4 to 5),8.9 (7.8 to 9.6),9.3% (-4.9 to
,,841.3),2.6),,,3.7),,,23.8)
United States,5084352 (4448308 to,899.9 (789.0 to,10.0% (5.3 to,427290 (371873 to,78.0 (67.8 to 88.7),12.0% (7.0 to,31410 (29003 to,4.9 (4.5 to 5.3),22.7% (17.4 to
,5719403),1010.9),14.5),487450),,17.0),34290),,29.3)
Western Europe,5735460 (5091941 to,604.4 (535.5 to,-9.6% (-12.3 to -,427930 (374198 to,49.3 (43.3 to 55.7),-10.5% (-13.4 to -,67016 (63651 to,5.5 (5.2 to 6.4),-0.7% (-5.0 to 4.9)
,6445505),676.2),6.2),486874),,7.1),78795),,
Andorra,792 (679 to 913),586.0 (501.5 to,-14.6% (-18.8 to -,62 (52 to 72),47.3 (40.0 to 55.5),-14.0% (-18.4 to -,10 (8 to 12),5.7 (4.7 to 6.8),-7.9% (-23.4 to
,,677.6),10.6),,,9.7),,,9.9)
Austria,142603 (125862 to,777.5 (688.5 to,17.4% (7.6 to,10101 (8708 to,60.3 (52.6 to 68.3),8.5% (-0.5 to,1442 (1341 to 1657),6.3 (5.9 to 7.2),12.3% (4.9 to
,159838),865.1),28.1),11549),,17.9),,,20.9)
Belgium,137448 (118304 to,583.8 (503.2 to,-7.1% (-11.2 to -,10206 (8625 to,46.8 (39.6 to 53.9),-10.8% (-14.8 to -,1645 (1495 to 2022),5.4 (4.9 to 6.6),-6.8% (-13.9 to
,157670),661.2),2.5),11866),,6.2),,,2.1)
Cyprus,10161 (9045 to,525.1 (468.9 to,-13.1% (-19.6 to -,823 (725 to 937),42.8 (37.9 to 48.5),-12.9% (-19.9 to -,100 (91 to 110),5.2 (4.7 to 5.7),-17.4% (-26.4 to -
,11456),589.6),6.0),,,5.2),,,4.0)
Denmark,74597 (62951 to,637.4 (542.2 to,-6.6% (-12.1 to -,5839 (4883 to 6918),51.9 (43.7 to 60.5),-7.9% (-13.5 to -,912 (837 to 1060),6.9 (6.3 to 8.0),19.6% (9.3 to
,86164),733.5),1.1),,,1.9),,,29.2)
Finland,87422 (74982 to,700.2 (601.3 to,1.0% (-5.8 to,6467 (5436 to 7597),55.6 (47.4 to 64.2),-3.5% (-9.2 to 4.2),777 (717 to 840),5.2 (4.8 to 5.6),0.1% (-9.8 to
,100782),806.4),11.4),,,,,,10.6)
France,820312 (700699 to,576.7 (494.6 to,-14.7% (-18.1 to -,60203 (51054 to,47.0 (39.8 to 54.6),-15.7% (-19.2 to -,9133 (8493 to,4.5 (4.2 to 5.3),-18.7% (-24.1 to -
,948284),664.8),10.6),70371),,11.7),10568),,11.6)
Germany,1201402 (1030015 to,604.7 (520.0 to,-7.0% (-11.8 to -,90801 (76980 to,50.0 (42.3 to 57.9),-8.5% (-13.7 to -,16900 (14945 to,6.9 (6.1 to 8.6),25.2% (8.3 to
,1392385),698.4),0.2),106290),,0.7),21114),,40.2)
Greece,139047 (118172 to,541.4 (464.7 to,-11.3% (-18.1 to -,10019 (8368 to,44.0 (37.1 to 51.4),-10.2% (-16.7 to -,1618 (1418 to 2272),5.0 (4.4 to 7.0),3.6% (-4.0 to
,161341),626.0),5.4),11834),,4.3),,,13.7)
Iceland,3399 (2943 to 3906),626.7 (543.3 to,0.8% (-6.1 to,262 (224 to 304),50.4 (43.3 to 58.3),-1.4% (-7.9 to 7.4),44 (41 to 51),6.7 (6.2 to 7.7),6.4% (-2.4 to
,,719.2),11.6),,,,,,13.7)
Ireland,42228 (36407 to,572.0 (494.8 to,-4.0% (-9.1 to 3.8),3371 (2883 to 3926),46.6 (39.9 to 53.9),-5.7% (-11.2 to,464 (426 to 517),5.9 (5.4 to 6.6),-4.0% (-12.1 to
,48400),653.0),,,,1.4),,,4.1)
Israel,61750 (52535 to,536.8 (458.0 to,-7.5% (-11.5 to -,4831 (4063 to 5671),43.5 (36.7 to 50.9),-7.0% (-11.5 to -,616 (550 to 798),4.6 (4.1 to 6.0),-21.1% (-28.1 to -
,71106),616.5),3.1),,,2.6),,,11.1)
Italy,847845 (799048 to,551.6 (522.0 to,-20.7% (-29.5 to -,62769 (58252 to,45.9 (43.1 to 49.0),-19.1% (-28.7 to -,9921 (9138 to,4.8 (4.4 to 5.8),-13.0% (-19.0 to -
,898399),584.5),10.2),67434),,7.5),11947),,7.4)
Luxembourg,7582 (6522 to 8681),768.1 (658.8 to,16.2% (3.3 to,589 (497 to 689),63.0 (53.2 to 73.7),15.0% (1.8 to,80 (71 to 91),7.0 (6.2 to 8.0),13.1% (1.5 to
,,877.4),36.9),,,38.0),,,27.3)
Malta,5583 (4941 to 6214),606.3 (539.2 to,1.7% (-6.8 to,452 (393 to 509),49.9 (43.9 to 55.6),2.3% (-6.7 to,47 (44 to 53),4.9 (4.6 to 5.5),0.9% (-6.1 to 8.4)
,,671.3),12.2),,,13.8),,,
Netherlands,197572 (168500 to,574.4 (493.3 to,-10.4% (-18.3 to -,15574 (13133 to,46.9 (39.7 to 54.8),-13.1% (-20.8 to -,1989 (1826 to 2391),5.1 (4.7 to 6.2),-12.0% (-18.9 to -
,229713),665.0),4.5),18265),,6.6),,,1.9)
Norway,69017 (62998 to,700.0 (640.6 to,12.8% (0.5 to,5857 (5308 to 6437),62.6 (56.9 to 68.6),22.3% (8.6 to,866 (824 to 973),7.2 (6.8 to 8.1),12.0% (6.5 to
,75076),759.5),27.7),,,40.3),,,17.2)
Portugal,102488 (87665 to,405.9 (351.4 to,-30.8% (-34.3 to -,7883 (6662 to 9233),33.5 (28.6 to 38.8),-30.7% (-34.5 to -,1214 (1088 to 1549),3.9 (3.5 to 5.0),-23.0% (-30.0 to -
,117852),460.3),27.0),,,26.8),,,12.4)
Spain,588301 (503656 to,580.8 (499.6 to,-15.8% (-22.5 to -,42980 (36410 to,47.3 (40.2 to 54.7),-16.5% (-23.3 to -,6999 (6469 to 8083),5.0 (4.7 to 5.9),-12.8% (-19.0 to -
,680770),668.0),10.8),49912),,11.4),,,4.5)
Sweden,174243 (142332 to,806.1 (663.6 to,3.1% (-1.3 to 7.9),12672 (10262 to,63.9 (52.1 to 76.7),1.2% (-3.2 to 6.0),2493 (1997 to 2723),8.9 (7.1 to 9.7),42.9% (16.5 to
,208807),954.2),,15311),,,,,55.8)
Switzerland,80875 (75688 to,458.8 (430.6 to,-12.6% (-22.4 to,6165 (5687 to 6696),37.6 (34.9 to 40.7),-13.6% (-24.4 to -,761 (699 to 889),3.4 (3.1 to 4.0),4.2% (-6.4 to
,86756),490.9),0.1),,,1.0),,,13.0)
United Kingdom,934851 (827666 to,720.9 (640.9 to,4.4% (-1.5 to,69562 (60881 to,57.5 (50.7 to 64.8),1.9% (-3.7 to 8.3),8915 (8424 to 9697),5.6 (5.2 to 6.1),3.2% (0.4 to 8.8)
,1042142),799.7),10.8),78595),,,,,
Australasia,399811 (344043 to,799.5 (688.2 to,-7.5% (-10.9 to -,31104 (26204 to,65.2 (55.2 to 75.7),-8.7% (-12.0 to -,3977 (3535 to 4324),6.6 (5.8 to 7.2),-9.4% (-16.6 to -
,460234),916.8),4.1),36413),,5.3),,,1.9)
Australia,328078 (279876 to,777.9 (664.4 to,-9.1% (-13.3 to -,25491 (21337 to,63.5 (53.4 to 74.2),-10.4% (-14.5 to -,3367 (2955 to 3711),6.5 (5.7 to 7.2),-11.7% (-19.5 to -
,380857),900.1),5.6),29898),,6.7),,,3.1)
New Zealand,71734 (63259 to,915.4 (811.2 to,1.2% (-5.5 to 8.3),5612 (4876 to 6448),74.2 (64.7 to 84.4),0.1% (-6.5 to 7.0),610 (553 to 661),6.8 (6.2 to 7.4),3.5% (-5.4 to
,80810),1027.4),,,,,,,11.6)
